SAS NAME,LENGTH,FORMAT,START,END,TYPE,LABEL
ACADV,1,$CHAR1.,1,1,Character,N_ED_REF_WK_ENROLL_REAS_ADVANCEMT
ACCAR,1,$CHAR1.,2,2,Character,N_ED_REF_WK_ENROLL_REAS_BEGIN_CAREER
ACCCEP,1,$CHAR1.,3,3,Character,N_ED_REF_WK_EMP_ASSISTANCE
ACCHG,1,$CHAR1.,4,4,Character,N_ED_REF_WK_ENROLL_REAS_CHG_FLD
ACDRG,1,$CHAR1.,5,5,Character,N_ED_REF_WK_WORK_DEGREE
ACEM,1,$CHAR1.,6,6,Character,N_ED_REF_WK_ENROLL_REAS_EMPR_REQ
ACFPT,1,$CHAR1.,7,7,Character,N_ED_REF_WK_ENROLL_FT_PT_IND
ACGRD,1,$CHAR1.,8,8,Character,N_ED_REF_WK_ENROLL_REAS_PREP_GRAD_SCHL
ACINT,1,$CHAR1.,9,9,Character,N_ED_REF_WK_ENROLL_REAS_PERSONL
ACLIC,1,$CHAR1.,10,10,Character,N_ED_REF_WK_ENROLL_REAS_LICENSING
ACOT,1,$CHAR1.,11,11,Character,N_ED_REF_WK_ENROLL_REAS_OTHR
ACSIN,1,$CHAR1.,12,12,Character,N_ED_REF_WK_ENROLL_IND_REV
ACSKL,1,$CHAR1.,13,13,Character,N_ED_REF_WK_ENROLL_REAS_ACQ_SKILL
ACTCAP,1,$CHAR1.,14,14,Character,F_JOB_WRK_ACTIVITY_PRIM_SEC_COMPUTER
ACTDED,1,$CHAR1.,15,15,Character,F_JOB_WRK_ACTIVITY_PRIM_SEC_DEV_DESIGN
ACTMGT,1,$CHAR1.,16,16,Character,F_JOB_WRK_ACTIVITY_PRIM_SEC_MGT_SALES
ACTRD,1,$CHAR1.,17,17,Character,F_JOB_WRK_ACTIVITY_PRIM_SEC_RSRCH_DEV
ACTRD2,1,$CHAR1.,18,18,Character,F_JOB_WRK_ACTIVITY_PRIM_SEC_RSRCH_DEV_2
ACTRDT,1,$CHAR1.,19,19,Character,F_JOB_WRK_ACTIVITY_PRIM_SEC_RSRCH_DEV_TEACH
ACTRES,1,$CHAR1.,20,20,Character,F_JOB_WRK_ACTIVITY_PRIM_SEC_RSRCH
ACTTCH,1,$CHAR1.,21,21,Character,F_JOB_WRK_ACTIVITY_PRIM_SEC_TEACH
AGE,3,3,22,24,Numeric,U_DEM_AGE
AGEGR,3,3,25,27,Numeric,U_DEM_AGE_GROUP_5_YR_GROUPING
ASDGRI,1,$CHAR1.,28,28,Character,K_ED_AA_DEGREE_IND
ASIAN,1,$CHAR1.,29,29,Character,U_DEM_RACE_ASIAN
BAACYR,5,5,30,34,Numeric,J_ED_BA_DEGREE_AWARD_ACADEMIC_YR
BAAYR3,5,5,35,39,Numeric,J_ED_BA_DEGREE_AWARD_YR_3_YR_GROUPING
BAAYR5,5,5,40,44,Numeric,J_ED_BA_DEGREE_AWARD_YR_5_YR_GROUPING
BACARN,2,$CHAR2.,45,46,Character,J_ED_BA_SCHOOL_CARNEGIE_CLS
BADGRUS,2,$CHAR2.,47,48,Character,J_ED_BA_SCHOOL_REGION_US_NONUS
BAIND,1,$CHAR1.,49,49,Character,J_ED_BA_INDICATOR
BAMN,3,3,50,52,Numeric,J_ED_BA_DEGREE_AWARD_MO
BAPBPR,1,$CHAR1.,53,53,Character,J_ED_BA_SCHOOL_PUBLIC_OR_PRIVTE
BARGN,2,$CHAR2.,54,55,Character,J_ED_BA_SCHOOL_REGION
BAST,3,$CHAR3.,56,58,Character,J_ED_BA_SCHOOL_ST_CTRY_CD
BAYR,5,5,59,63,Numeric,J_ED_BA_DEGREE_AWARD_YR
BIRYR,5,5,64,68,Numeric,U_DEM_BIRTH_DATE_YR
BLACK,1,$CHAR1.,69,69,Character,U_DEM_RACE_BLACK
BSDGN,3,3,70,72,Numeric,J_ED_BA_AND_ABOVE_DEGREE_NBR
BTHRGN,2,$CHAR2.,73,74,Character,U_DEM_BIRTH_PLACE_REGION
BTHST,3,$CHAR3.,75,77,Character,U_DEM_BIRTH_PLACE_ST_CNTRY_CD
BTHUS,2,$CHAR2.,78,79,Character,U_DEM_BIRTH_PLACE_REGION_US_NONUS
CCASDG,1,$CHAR1.,80,80,Character,K_ED_COM_COLL_REAS_AA_DEGR
CCBSDG,1,$CHAR1.,81,81,Character,K_ED_COM_COLL_REAS_BA_DEGR
CCCARN,2,$CHAR2.,82,83,Character,K_ED_AA_SCHOOL_CARNEGIE_CLS
CCCHGFL,1,$CHAR1.,84,84,Character,K_ED_COM_COLL_REAS_CHG_FLD
CCCOLPR,1,$CHAR1.,85,85,Character,K_ED_COM_COLL_REAS_PREP_COLL
CCCRHS,1,$CHAR1.,86,86,Character,K_ED_COM_COLL_REAS_EARN_CRED_INHS
CCFIN,1,$CHAR1.,87,87,Character,K_ED_COM_COLL_REAS_FINANCIAL
CCINT,1,$CHAR1.,88,88,Character,K_ED_COM_COLL_REAS_PERSONL
CCOT,1,$CHAR1.,89,89,Character,K_ED_COM_COLL_REAS_OTHR
CCPBPR,1,$CHAR1.,90,90,Character,K_ED_AA_SCHOOL_PUB_OR_PRIV
CCPRAD,1,$CHAR1.,91,91,Character,K_ED_COM_COLL_REAS_JOB_ADVANCE
CCPRI,2,$CHAR2.,92,93,Character,K_ED_COM_COLL_REAS_PRI
CCSEC,2,$CHAR2.,94,95,Character,K_ED_COM_COLL_REAS_SEC
CCSKL,1,$CHAR1.,96,96,Character,K_ED_COM_COLL_REAS_ACQ_SKILLS
CCST,3,$CHAR3.,97,99,Character,K_ED_AA_SCHOOL_ST_CTRY_CD
CH1218,3,3,100,102,Numeric,W_DEM_CHILDREN_NBR_12_18
CH1218IN,1,$CHAR1.,103,103,Character,W_DEM_CHILDREN_IND_12_18
CH19,3,3,104,106,Numeric,W_DEM_CHILDREN_NBR_19
CH19IN,1,$CHAR1.,107,107,Character,W_DEM_CHILDREN_IND_19
CH25,3,3,108,110,Numeric,W_DEM_CHILDREN_NBR_2_5
CH25IN,1,$CHAR1.,111,111,Character,W_DEM_CHILDREN_IND_2_5
CH6,3,3,112,114,Numeric,W_DEM_CHILDREN_NBR_UNDER_6
CH611,3,3,115,117,Numeric,W_DEM_CHILDREN_NBR_6_11
CH611IN,1,$CHAR1.,118,118,Character,W_DEM_CHILDREN_IND_6_11
CH6IN,1,$CHAR1.,119,119,Character,W_DEM_CHILDREN_IND_UNDER_6
CHCHG,1,$CHAR1.,120,120,Character,D_JOB_CHG_REAS_CAREER_CHG
CHCON,1,$CHAR1.,121,121,Character,D_JOB_CHG_REAS_WRKNG_CONDS
CHFAM,1,$CHAR1.,122,122,Character,D_JOB_CHG_REAS_FAMILY
CHFAMCOV,1,$CHAR1.,123,123,Character,D_JOB_CHG_REAS_FAMILY_COVID
CHLAY,1,$CHAR1.,124,124,Character,D_JOB_CHG_REAS_LAID_OFF
CHLAYCOV,1,$CHAR1.,125,125,Character,D_JOB_CHG_REAS_LAID_OFF_COVID
CHLOC,1,$CHAR1.,126,126,Character,D_JOB_CHG_REAS_LOCATN
CHLVIN,1,$CHAR1.,127,127,Character,W_DEM_CHILDREN_IN_HOUSEHOLD
CHOT,1,$CHAR1.,128,128,Character,D_JOB_CHG_REAS_OTHR
CHPAY,1,$CHAR1.,129,129,Character,D_JOB_CHG_REAS_PAY_OR_PROMOT
CHRET,1,$CHAR1.,130,130,Character,D_JOB_CHG_REAS_RETIRED
CHSCH,1,$CHAR1.,131,131,Character,D_JOB_CHG_REAS_SCHOOL_RELTD
CHU2,3,3,132,134,Numeric,W_DEM_CHILDREN_NBR_UNDER_2
CHU2IN,1,$CHAR1.,135,135,Character,W_DEM_CHILDREN_IND_UNDER_2
CHUN12,1,$CHAR1.,136,136,Character,W_DEM_CHILDREN_UNDER_12_IND
CLIC,1,$CHAR1.,137,137,Character,D_JOB_CERT_LICEN_ACTIVE
CLICBIZ,1,$CHAR1.,138,138,Character,D_JOB_CERT_LICEN_REAS_BUS
CLICCEU,1,$CHAR1.,139,139,Character,D_JOB_CERT_LICEN_CONT_ED
CLICCHOC,1,$CHAR1.,140,140,Character,D_JOB_CERT_LICEN_REAS_DIFF_OCC
CLICCODE,3,$CHAR3.,141,143,Character,D_JOB_CERT_LICEN_CODE
CLICCOST,1,$CHAR1.,144,144,Character,D_JOB_CERT_LICEN_EMP_PAID
CLICEM,1,$CHAR1.,145,145,Character,D_JOB_CERT_LICEN_REAS_REQ
CLICISS,1,$CHAR1.,146,146,Character,D_JOB_CERT_LICEN_ISSUE
CLICNMBR,9,9,147,155,Numeric,D_JOB_CERT_LICEN_NMBR
CLICNOW,1,$CHAR1.,156,156,Character,D_JOB_CERT_LICEN_CURR_JOB
CLICOPPS,1,$CHAR1.,157,157,Character,D_JOB_CERT_LICEN_REAS_OPPS
CLICOT,1,$CHAR1.,158,158,Character,D_JOB_CERT_LICEN_REAS_OTHER
CLICSKL,1,$CHAR1.,159,159,Character,D_JOB_CERT_LICEN_REAS_SKILL
CLICWKR,1,$CHAR1.,160,160,Character,D_JOB_CERT_LICEN_WRK_RELATE
CLICYR,5,5,161,165,Numeric,D_JOB_CERT_LICEN_YR_ISSUE
CMEDU,1,$CHAR1.,166,166,Character,V_DEM_FIRST_CAME_REASON_TO_US_EDUCATION
CMFAM,1,$CHAR1.,167,167,Character,V_DEM_FIRST_CAME_REASON_TO_US_FAMILY
CMFLD,1,$CHAR1.,168,168,Character,V_DEM_FIRST_CAME_REASON_TO_US_SCIENCE
CMNOT,1,$CHAR1.,169,169,Character,V_DEM_FIRST_CAME_REASON_TO_US_NOT_THEIR_DECISION
CMOPP,1,$CHAR1.,170,170,Character,V_DEM_FIRST_CAME_REASON_TO_US_JOB
CMOT,1,$CHAR1.,171,171,Character,V_DEM_FIRST_CAME_REASON_TO_US_OTHER
CMPRI,1,$CHAR1.,172,172,Character,V_DEM_FIRST_CAME_REASON_TO_US_PRIMARY
CMSEC,1,$CHAR1.,173,173,Character,V_DEM_FIRST_CAME_REASON_TO_US_SECONDARY
COHORT,1,$CHAR1.,174,174,Character,Z_SURVEY_COHORT
COMCOLI,1,$CHAR1.,175,175,Character,K_ED_COM_COLL_IND
CSAFBS,1,$CHAR1.,176,176,Character,K_ED_COM_COLL_AFTER_BS
CSAFY,1,$CHAR1.,177,177,Character,K_ED_COM_COLL_AFTER_COLL
CSAHS,1,$CHAR1.,178,178,Character,K_ED_COM_COLL_AFTER_HS
CSHS,1,$CHAR1.,179,179,Character,K_ED_COM_COLL_IN_HS
CSWFY,1,$CHAR1.,180,180,Character,K_ED_COM_COLL_B4_BS
CTZDUAL,1,$CHAR1.,181,181,Character,V_DEM_DUAL_CITIZEN
CTZFOR,1,$CHAR1.,182,182,Character,V_DEM_NON_US_CITIZEN
CTZN,1,$CHAR1.,183,183,Character,V_DEM_CITIZENSHIP_STATUS
CTZUS,1,$CHAR1.,184,184,Character,V_DEM_US_CITIZENSHIP_STATUS
CTZUSIN,1,$CHAR1.,185,185,Character,V_DEM_CITIZENSHIP_US_CITIZEN
D23YR,5,5,186,190,Numeric,P_ED_2ND_HD_DEGREE_AWARD_YR_3_YR_GROUPING
D25YR,5,5,191,195,Numeric,P_ED_2ND_HD_DEGREE_AWARD_YR_5_YR_GROUPING
D2ADV,1,$CHAR1.,196,196,Character,P_ED_2ND_DEGREE_REAS_ADVANCEMT
D2AYR,5,5,197,201,Numeric,P_ED_2ND_HD_DEGREE_AWARD_ACADEMIC_YR
D2CAR,1,$CHAR1.,202,202,Character,P_ED_2ND_DEGREE_REAS_BEGIN_CAREER
D2CARN,2,$CHAR2.,203,204,Character,P_ED_2ND_HD_SCHOOL_CARNEGIE_CLS
D2CHG,1,$CHAR1.,205,205,Character,P_ED_2ND_DEGREE_REAS_CHG_FLD
D2DG,1,$CHAR1.,206,206,Character,P_ED_2ND_HD_DEGREE_TYPE
D2DGRUS,2,$CHAR2.,207,208,Character,P_ED_2ND_HD_SCHOOL_REGION_US_NONUS
D2EM,1,$CHAR1.,209,209,Character,P_ED_2ND_DEGREE_REAS_EMPR_REQ
D2GRD,1,$CHAR1.,210,210,Character,P_ED_2ND_DEGREE_REAS_PREP_GRAD_SCHL
D2INT,1,$CHAR1.,211,211,Character,P_ED_2ND_DEGREE_REAS_PERSONL
D2LIC,1,$CHAR1.,212,212,Character,P_ED_2ND_DEGREE_REAS_LICENSING
D2MN,3,3,213,215,Numeric,P_ED_2ND_HD_DEGREE_AWARD_MO
D2OT,1,$CHAR1.,216,216,Character,P_ED_2ND_DEGREE_REAS_OTHR
D2PBPR,1,$CHAR1.,217,217,Character,P_ED_2ND_HD_SCHOOL_PUB_OR_PRIV
D2RGN,2,$CHAR2.,218,219,Character,P_ED_2ND_HD_SCHOOL_REGION
D2SKL,1,$CHAR1.,220,220,Character,P_ED_2ND_DEGREE_REAS_ACQ_SKILL
D2ST,3,$CHAR3.,221,223,Character,P_ED_2ND_HD_SCHOOL_ST_CTRY_CD
D2YR,5,5,224,228,Numeric,P_ED_2ND_HD_DEGREE_AWARD_YR
D33YR,5,5,229,233,Numeric,Q_ED_3RD_HD_DEGREE_AWARD_YR_3_YR_GROUPING
D35YR,5,5,234,238,Numeric,Q_ED_3RD_HD_DEGREE_AWARD_YR_5_YR_GROUPING
D3ADV,1,$CHAR1.,239,239,Character,Q_ED_3RD_DEGREE_REAS_ADVANCEMT
D3AYR,5,5,240,244,Numeric,Q_ED_3RD_HD_DEGREE_AWARD_ACADEMIC_YR
D3CAR,1,$CHAR1.,245,245,Character,Q_ED_3RD_DEGREE_REAS_BEGIN_CAREER
D3CARN,2,$CHAR2.,246,247,Character,Q_ED_3RD_HD_SCHOOL_CARNEGIE_CLS
D3CHG,1,$CHAR1.,248,248,Character,Q_ED_3RD_DEGREE_REAS_CHG_FLD
D3DG,1,$CHAR1.,249,249,Character,Q_ED_3RD_HD_DEGREE_TYPE
D3DGRUS,2,$CHAR2.,250,251,Character,Q_ED_3RD_HD_SCHOOL_REGION_US_NONUS
D3EM,1,$CHAR1.,252,252,Character,Q_ED_3RD_DEGREE_REAS_EMPR_REQ
D3GRD,1,$CHAR1.,253,253,Character,Q_ED_3RD_DEGREE_REAS_PREP_GRAD_SCHL
D3INT,1,$CHAR1.,254,254,Character,Q_ED_3RD_DEGREE_REAS_PERSONL
D3LIC,1,$CHAR1.,255,255,Character,Q_ED_3RD_DEGREE_REAS_LICENSING
D3MN,3,3,256,258,Numeric,Q_ED_3RD_HD_DEGREE_AWARD_MO
D3OT,1,$CHAR1.,259,259,Character,Q_ED_3RD_DEGREE_REAS_OTHR
D3PBPR,1,$CHAR1.,260,260,Character,Q_ED_3RD_HD_SCHOOL_PUB_OR_PRIV
D3RGN,2,$CHAR2.,261,262,Character,Q_ED_3RD_HD_SCHOOL_REGION
D3SKL,1,$CHAR1.,263,263,Character,Q_ED_3RD_DEGREE_REAS_ACQ_SKILL
D3ST,3,$CHAR3.,264,266,Character,Q_ED_3RD_HD_SCHOOL_ST_CTRY_CD
D3YR,5,5,267,271,Numeric,Q_ED_3RD_HD_DEGREE_AWARD_YR
D43YR,5,5,272,276,Numeric,R_ED_4TH_HD_DEGREE_AWARD_YR_3_YR_GROUPING
D45YR,5,5,277,281,Numeric,R_ED_4TH_HD_DEGREE_AWARD_YR_5_YR_GROUPING
D4ADV,1,$CHAR1.,282,282,Character,R_ED_4TH_DEGREE_REAS_ADVANCEMT
D4AYR,5,5,283,287,Numeric,R_ED_4TH_HD_DEGREE_AWARD_ACADEMIC_YR
D4CAR,1,$CHAR1.,288,288,Character,R_ED_4TH_DEGREE_REAS_BEGIN_CAREER
D4CARN,2,$CHAR2.,289,290,Character,R_ED_4TH_HD_SCHOOL_CARNEGIE_CLS
D4CHG,1,$CHAR1.,291,291,Character,R_ED_4TH_DEGREE_REAS_CHG_FLD
D4DG,1,$CHAR1.,292,292,Character,R_ED_4TH_HD_DEGREE_TYPE
D4DGRUS,2,$CHAR2.,293,294,Character,R_ED_4TH_HD_SCHOOL_REGION_US_NONUS
D4EM,1,$CHAR1.,295,295,Character,R_ED_4TH_DEGREE_REAS_EMPR_REQ
D4GRD,1,$CHAR1.,296,296,Character,R_ED_4TH_DEGREE_REAS_PREP_GRAD_SCHL
D4INT,1,$CHAR1.,297,297,Character,R_ED_4TH_DEGREE_REAS_PERSONL
D4LIC,1,$CHAR1.,298,298,Character,R_ED_4TH_DEGREE_REAS_LICENSING
D4MN,3,3,299,301,Numeric,R_ED_4TH_HD_DEGREE_AWARD_MO
D4OT,1,$CHAR1.,302,302,Character,R_ED_4TH_DEGREE_REAS_OTHR
D4PBPR,1,$CHAR1.,303,303,Character,R_ED_4TH_HD_SCHOOL_PUB_OR_PRIV
D4RGN,2,$CHAR2.,304,305,Character,R_ED_4TH_HD_SCHOOL_REGION
D4SKL,1,$CHAR1.,306,306,Character,R_ED_4TH_DEGREE_REAS_ACQ_SKILL
D4ST,3,$CHAR3.,307,309,Character,R_ED_4TH_HD_SCHOOL_ST_CTRY_CD
D4YR,5,5,310,314,Numeric,R_ED_4TH_HD_DEGREE_AWARD_YR
D53YR,5,5,315,319,Numeric,S_ED_5TH_HD_DEGREE_AWARD_YR_3_YR_GROUPING
D55YR,5,5,320,324,Numeric,S_ED_5TH_HD_DEGREE_AWARD_YR_5_YR_GROUPING
D5ADV,1,$CHAR1.,325,325,Character,S_ED_5TH_DEGREE_REAS_ADVANCEMT
D5AYR,5,5,326,330,Numeric,S_ED_5TH_HD_DEGREE_AWARD_ACADEMIC_YR
D5CAR,1,$CHAR1.,331,331,Character,S_ED_5TH_DEGREE_REAS_BEGIN_CAREER
D5CARN,2,$CHAR2.,332,333,Character,S_ED_5TH_HD_SCHOOL_CARNEGIE_CLS
D5CHG,1,$CHAR1.,334,334,Character,S_ED_5TH_DEGREE_REAS_CHG_FLD
D5DG,1,$CHAR1.,335,335,Character,S_ED_5TH_HD_DEGREE_TYPE
D5DGRUS,2,$CHAR2.,336,337,Character,S_ED_5TH_HD_SCHOOL_REGION_US_NONUS
D5EM,1,$CHAR1.,338,338,Character,S_ED_5TH_DEGREE_REAS_EMPR_REQ
D5GRD,1,$CHAR1.,339,339,Character,S_ED_5TH_DEGREE_REAS_PREP_GRAD_SCHL
D5INT,1,$CHAR1.,340,340,Character,S_ED_5TH_DEGREE_REAS_PERSONL
D5LIC,1,$CHAR1.,341,341,Character,S_ED_5TH_DEGREE_REAS_LICENSING
D5MN,3,3,342,344,Numeric,S_ED_5TH_HD_DEGREE_AWARD_MO
D5OT,1,$CHAR1.,345,345,Character,S_ED_5TH_DEGREE_REAS_OTHR
D5PBPR,1,$CHAR1.,346,346,Character,S_ED_5TH_HD_SCHOOL_PUB_OR_PRIV
D5RGN,2,$CHAR2.,347,348,Character,S_ED_5TH_HD_SCHOOL_REGION
D5SKL,1,$CHAR1.,349,349,Character,S_ED_5TH_DEGREE_REAS_ACQ_SKILL
D5ST,3,$CHAR3.,350,352,Character,S_ED_5TH_HD_SCHOOL_ST_CTRY_CD
D5YR,5,5,353,357,Numeric,S_ED_5TH_HD_DEGREE_AWARD_YR
DGRDG,1,$CHAR1.,358,358,Character,O_ED_HD_DEGREE_TYPE
DGRYR,5,5,359,363,Numeric,O_ED_HD_DEGREE_AWARD_YR
DIFAGE,3,3,364,366,Numeric,X_DEM_DISABLE_EARLIEST_AGE
DIFAGEGR,3,3,367,369,Numeric,X_DEM_DISABLE_EARLIEST_AGE_5_YR_GROUPING
DIFBIR,1,$CHAR1.,370,370,Character,X_DEM_DISABLE_SINCE_BIRTH
DIFCOGN,1,$CHAR1.,371,371,Character,X_DEM_DISABLE_COGNITION_SEVERITY
DIFHEAR,1,$CHAR1.,372,372,Character,X_DEM_DISABLE_HEARING_SEVERITY
DIFLIFT,1,$CHAR1.,373,373,Character,X_DEM_DISABLE_LIFTING_SEVERITY
DIFNO,1,$CHAR1.,374,374,Character,X_DEM_DISABLE_NONE_IND
DIFSEE,1,$CHAR1.,375,375,Character,X_DEM_DISABLE_SEEING_SEVERITY
DIFWALK,1,$CHAR1.,376,376,Character,X_DEM_DISABLE_WALKING_SEVERITY
EARN,8,8,377,384,Numeric,H_JOB_TOTAL_INCOME
EDDAD,1,$CHAR1.,385,385,Character,W_DEM_PARENT_FATHERS_ED_LEVEL
EDMOM,1,$CHAR1.,386,386,Character,W_DEM_PARENT_MOTHERS_ED_LEVEL
EDTP,1,$CHAR1.,387,387,Character,E_JOB_EMPLR_EDUC_INST_TYPE
EMED,1,$CHAR1.,388,388,Character,E_JOB_EMPLR_EDUC_INST_IND
EMRG,2,$CHAR2.,389,390,Character,E_JOB_EMPLR_LOC_REGION
EMSECDT,2,$CHAR2.,391,392,Character,E_JOB_EMPLR_SECTOR_CD
EMSECSM,1,$CHAR1.,393,393,Character,E_JOB_EMPLR_SECTOR_CD_SUMRY
EMSIZE,1,$CHAR1.,394,394,Character,E_JOB_EMPLR_SIZE
EMSMI,1,$CHAR1.,395,395,Character,D_JOB_SAME_EMPLOYER_JOB
EMST,3,$CHAR3.,396,398,Character,E_JOB_EMPLR_ST_CTRY_CD
EMTP,2,$CHAR2.,399,400,Character,E_JOB_EMPLR_TYPE
EMUS,2,$CHAR2.,401,402,Character,E_JOB_EMPLR_LOC_REGION_US_NONUS
ERNCOV1,1,$CHAR1.,403,403,Character,H_JOB_TOT_INC_AFFECTED_COVID
FACADV,1,$CHAR1.,404,404,Character,F_JOB_IMPORTANCE_ADVANCEMENT
FACBEN,1,$CHAR1.,405,405,Character,F_JOB_IMPORTANCE_BENEFITS
FACCHAL,1,$CHAR1.,406,406,Character,F_JOB_IMPORTANCE_CHALLENGE
FACIND,1,$CHAR1.,407,407,Character,F_JOB_IMPORTANCE_INDEPENDENCE
FACLOC,1,$CHAR1.,408,408,Character,F_JOB_IMPORTANCE_LOCATION
FACRESP,1,$CHAR1.,409,409,Character,F_JOB_IMPORTANCE_RESPONSIBILITY
FACSAL,1,$CHAR1.,410,410,Character,F_JOB_IMPORTANCE_SALARY
FACSEC,1,$CHAR1.,411,411,Character,F_JOB_IMPORTANCE_SECURITY
FACSOC,1,$CHAR1.,412,412,Character,F_JOB_IMPORTANCE_SOCIETY
FNCCD,3,$CHAR3.,413,415,Character,V_DEM_CITIZENSHIP_CNTRY_CD
FNCRGN,2,$CHAR2.,416,417,Character,V_DEM_CITIZENSHIP_CNTRY_REGION
FNINUS,1,$CHAR1.,418,418,Character,V_LIVE_WORK_IN_US_ON_REF_DATE
FNUSYR6,5,5,419,423,Numeric,V_DEM_FIRST_CAME_US_SIX_MONTHS_OR_LONGER
FNVSATP,1,$CHAR1.,424,424,Character,V_DEM_FIRST_CAME_VISA_TYPE
FSDED,1,$CHAR1.,425,425,Character,I_JOB_GOV_AGCY_SUPP_EDUC
FSDK,1,$CHAR1.,426,426,Character,I_JOB_GOV_AGCY_SUPPORT_DONT_KNOW
FSDOD,1,$CHAR1.,427,427,Character,I_JOB_GOV_AGCY_SUPP_DEFENSE
FSDOE,1,$CHAR1.,428,428,Character,I_JOB_GOV_AGCY_SUPP_ENERGY
FSHHS,1,$CHAR1.,429,429,Character,I_JOB_GOV_AGCY_SUPP_HHS
FSNASA,1,$CHAR1.,430,430,Character,I_JOB_GOV_AGCY_SUPP_NASA
FSNIH,1,$CHAR1.,431,431,Character,I_JOB_GOV_AGCY_SUPP_NIH
FSNSF,1,$CHAR1.,432,432,Character,I_JOB_GOV_AGCY_SUPP_NSF
FSOT,1,$CHAR1.,433,433,Character,I_JOB_GOV_AGCY_SUPP_OTHR
FTPRET,1,$CHAR1.,434,434,Character,B_JOB_RETIRED_PREVLY_IND
FTPRTYR,5,5,435,439,Numeric,B_JOB_RETIRED_PREVLY_YR
GENDER,1,$CHAR1.,440,440,Character,U_DEM_GENDER
GOVSUP,1,$CHAR1.,441,441,Character,I_JOB_GOV_AGCY_SUPPORT_IND
GRFAST,1,$CHAR1.,442,442,Character,N_ED_GR_FINAN_SUPP_WRK_STUDY
GRFEM,1,$CHAR1.,443,443,Character,N_ED_GR_FINAN_SUPP_EMPR
GRFERN,1,$CHAR1.,444,444,Character,N_ED_GR_FINAN_SUPP_EARNINGS
GRFGFT,1,$CHAR1.,445,445,Character,N_ED_GR_FINAN_SUPP_GIFTS
GRFGRN,1,$CHAR1.,446,446,Character,N_ED_GR_FINAN_SUPP_GRANTS
GRFLN,1,$CHAR1.,447,447,Character,N_ED_GR_FINAN_SUPP_LOANS
GRFNODG,1,$CHAR1.,448,448,Character,N_ED_GR_FINAN_SUPP_NO_DEGREE
GRFOT,1,$CHAR1.,449,449,Character,N_ED_GR_FINAN_SUPP_OTHR
GRFPLN,1,$CHAR1.,450,450,Character,N_ED_GR_FINAN_SUPP_LOANS_PARENT
GRFSAV,1,$CHAR1.,451,451,Character,N_ED_GR_FINAN_SUPP_LOANS_SAVINGS
GRFVET,1,$CHAR1.,452,452,Character,N_ED_GR_FINAN_SUPP_LOANS_VET
GRLOANR,2,$CHAR2.,453,454,Character,N_ED_GR_FINAN_SUPP_BORROWED_RANGE_AMT
GROWER,2,$CHAR2.,455,456,Character,N_ED_GR_FINAN_SUPP_BORROWED_RANGE_BAL
HCAPIN,1,$CHAR1.,457,457,Character,X_DEM_DISABLE_IND
HDACY3,5,5,458,462,Numeric,O_ED_HD_DEGREE_AWARD_YR_3_YR_GROUPING
HDACYR,5,5,463,467,Numeric,O_ED_HD_DEGREE_AWARD_ACADEMIC_YR
HDADV,1,$CHAR1.,468,468,Character,O_ED_HD_DEGREE_REAS_ADVANCEMT
HDAY5,5,5,469,473,Numeric,O_ED_HD_DEGREE_AWARD_YR_5_YR_GROUPING
HDCAR,1,$CHAR1.,474,474,Character,O_ED_HD_DEGREE_REAS_BEGIN_CAREER
HDCARN,2,$CHAR2.,475,476,Character,O_ED_HD_SCHOOL_CARNEGIE_CLS
HDCHG,1,$CHAR1.,477,477,Character,O_ED_HD_DEGREE_REAS_CHG_FLD
HDDGRUS,2,$CHAR2.,478,479,Character,O_ED_HD_SCHOOL_REGION_US_NONUS
HDEM,1,$CHAR1.,480,480,Character,O_ED_HD_DEGREE_REAS_EMPR_REQ
HDGRD,1,$CHAR1.,481,481,Character,O_ED_HD_DEGREE_REAS_PREP_GRAD_SCHL
HDINT,1,$CHAR1.,482,482,Character,O_ED_HD_DEGREE_REAS_PERSONL
HDLIC,1,$CHAR1.,483,483,Character,O_ED_HD_DEGREE_REAS_LICENSING
HDMN,3,3,484,486,Numeric,O_ED_HD_DEGREE_AWARD_MO
HDOT,1,$CHAR1.,487,487,Character,O_ED_HD_DEGREE_REAS_OTHR
HDPBPR,1,$CHAR1.,488,488,Character,O_ED_HD_SCHOOL_PUB_OR_PRIV
HDRGN,2,$CHAR2.,489,490,Character,O_ED_HD_SCHOOL_REGION
HDSKL,1,$CHAR1.,491,491,Character,O_ED_HD_DEGREE_REAS_ACQ_SKILL
HDST,3,$CHAR3.,492,494,Character,O_ED_HD_SCHOOL_ST_CTRY_CD
HISPANIC,1,$CHAR1.,495,495,Character,U_DEM_RACE_HISPANIC_ORIGIN_INDICATOR
HISPCAT0,1,$CHAR1.,496,496,Character,U_DEM_HISPANIC_NO
HISPCAT1,1,$CHAR1.,497,497,Character,U_DEM_HISPANIC_YES_MEXICAN
HISPCAT2,1,$CHAR1.,498,498,Character,U_DEM_HISPANIC_YES_PUERTORICAN
HISPCAT3,1,$CHAR1.,499,499,Character,U_DEM_HISPANIC_YES_CUBAN
HISPCAT4,1,$CHAR1.,500,500,Character,U_DEM_HISPANIC_YES_OTHER
HRSWK,3,3,501,503,Numeric,B_PRINCIPAL_JOB_WKLY_HRS
HSNOI,1,$CHAR1.,504,504,Character,L_ED_HS_DEGREE_NONE
HSST,3,$CHAR3.,505,507,Character,L_ED_HS_SCHOOL_ST_CTRY_CD
HSYR,5,5,508,512,Numeric,L_ED_HS_DEGREE_AWARD_YR
JOBINS,1,$CHAR1.,513,513,Character,E_JOB_EMPLR_BENEFITS_HEALTHINS
JOBPENS,1,$CHAR1.,514,514,Character,E_JOB_EMPLR_BENEFITS_PENSION
JOBPROFT,1,$CHAR1.,515,515,Character,E_JOB_EMPLR_BENEFITS_PROFIT_SHARING
JOBSATIS,1,$CHAR1.,516,516,Character,F_JOB_SATISFACTION_OVERALL
JOBVAC,1,$CHAR1.,517,517,Character,E_JOB_EMPLR_BENEFITS_VACATION
JOBVACCOV,1,$CHAR1.,518,518,Character,E_JOB_EMPLR_BENEFITS_NEWLEAVE_COVID
LFSTAT,1,$CHAR1.,519,519,Character,A_JOB_STATUS_LABOR_FORCE_STAT
LOOKWK,1,$CHAR1.,520,520,Character,A_JOB_STATUS_LOOKING_FOR_WRK_IND
LWMN,3,3,521,523,Numeric,C_JOB_LAST_WRKD_MO
LWNVR,1,$CHAR1.,524,524,Character,A_JOB_NEVER_WORKED_IND
LWYR,5,5,525,529,Numeric,C_JOB_LAST_WRKD_YR
MARIND,1,$CHAR1.,530,530,Character,W_DEM_MARITAL_STAT_MARRIED
MARSTA,1,$CHAR1.,531,531,Character,W_DEM_MARITAL_STATUS
MGRNAT,1,$CHAR1.,532,532,Character,F_JOB_MGR_TECH_EXPERTSE_PHYS_SCI
MGROTH,1,$CHAR1.,533,533,Character,F_JOB_MGR_TECH_EXPERTSE_OTHER
MGRSOC,1,$CHAR1.,534,534,Character,F_JOB_MGR_TECH_EXPERTSE_SOCIAL_SCI
MINRTY,1,$CHAR1.,535,535,Character,U_DEM_RACE_MINORITY_IND
MR3YR,5,5,536,540,Numeric,M_ED_MR_DEGREE_AWARD_YR_3_YR_GROUPING
MR5YR,5,5,541,545,Numeric,M_ED_MR_DEGREE_AWARD_YR_5_YR_GROUPING
MRADV,1,$CHAR1.,546,546,Character,M_ED_MR_DEGREE_REAS_ADVANCEMT
MRCAR,1,$CHAR1.,547,547,Character,M_ED_MR_DEGREE_REAS_BEGIN_CAREER
MRCARN,2,$CHAR2.,548,549,Character,M_ED_MR_SCHOOL_CARNEGIE_CLS
MRCHG,1,$CHAR1.,550,550,Character,M_ED_MR_DEGREE_REAS_CHG_FLD
MRDACYR,5,5,551,555,Numeric,M_ED_MR_DEGREE_AWARD_ACADEMIC_YR
MRDG,1,$CHAR1.,556,556,Character,M_ED_MR_DEGREE_TYPE
MRDGRUS,2,$CHAR2.,557,558,Character,M_ED_MR_SCHOOL_REGION_US_NONUS
MREM,1,$CHAR1.,559,559,Character,M_ED_MR_DEGREE_REAS_EMPR_REQ
MRGRD,1,$CHAR1.,560,560,Character,M_ED_MR_DEGREE_REAS_PREP_GRAD_SCHL
MRINT,1,$CHAR1.,561,561,Character,M_ED_MR_DEGREE_REAS_PERSONL
MRLIC,1,$CHAR1.,562,562,Character,M_ED_MR_DEGREE_REAS_LICENSING
MRMN,3,3,563,565,Numeric,M_ED_MR_DEGREE_AWARD_MO
MROT,1,$CHAR1.,566,566,Character,M_ED_MR_DEGREE_REAS_OTHR
MRPBPR,1,$CHAR1.,567,567,Character,M_ED_MR_SCHOOL_PUB_OR_PRIV
MRRGN,2,$CHAR2.,568,569,Character,M_ED_MR_SCHOOL_REGION
MRSKL,1,$CHAR1.,570,570,Character,M_ED_MR_DEGREE_REAS_ACQ_SKILL
MRST,3,$CHAR3.,571,573,Character,M_ED_MR_SCHOOL_ST_CTRY_CD
MRYR,5,5,574,578,Numeric,M_ED_MR_DEGREE_AWARD_YR
N2ACED,6,$CHAR6.,579,584,Character,N_ED_REF_WK_ENROLL_ED_CAT_NEW2
N2ACEDX,6,$CHAR6.,585,590,Character,N_ED_REF_WK_ENROLL_ED_CAT_RPTD2
N2BAMED,6,$CHAR6.,591,596,Character,J_ED_BA_MAJOR_ED_CAT_NEW2
N2BAMEDX,6,$CHAR6.,597,602,Character,J_ED_BA_MAJOR_ED_CAT_RPTD_NEW2
N2BANED,6,$CHAR6.,603,608,Character,J_ED_BA_MAJOR_2ND_MAJ_ED_CAT_NEW2
N2BANEDX,6,$CHAR6.,609,614,Character,J_ED_BA_MAJOR_2ND_MAJ_ED_CAT_RPTD_NEW2
N2D2MED,6,$CHAR6.,615,620,Character,P_ED_2ND_HD_MAJOR_ED_CAT_NEW2
N2D2MEDX,6,$CHAR6.,621,626,Character,P_ED_2ND_HD_MAJOR_ED_CAT_RPTD_NEW2
N2D2NED,6,$CHAR6.,627,632,Character,P_ED_2ND_HD_MAJOR_2ND_MAJ_ED_CAT_NEW2
N2D2NEDX,6,$CHAR6.,633,638,Character,P_ED_2ND_HD_MAJOR_2ND_MAJ_ED_CAT_RPTD_NEW2
N2D3MED,6,$CHAR6.,639,644,Character,Q_ED_3RD_HD_MAJOR_ED_CAT_NEW2
N2D3MEDX,6,$CHAR6.,645,650,Character,Q_ED_3RD_HD_MAJOR_ED_CAT_RPTD_NEW2
N2D3NED,6,$CHAR6.,651,656,Character,Q_ED_3RD_HD_MAJOR_2ND_MAJ_ED_CAT_NEW2
N2D3NEDX,6,$CHAR6.,657,662,Character,Q_ED_3RD_HD_MAJOR_2ND_MAJ_ED_CAT_RPTD_NEW2
N2D4MED,6,$CHAR6.,663,668,Character,R_ED_4TH_HD_MAJOR_ED_CAT_NEW2
N2D4MEDX,6,$CHAR6.,669,674,Character,R_ED_4TH_HD_MAJOR_ED_CAT_RPTD_NEW2
N2D4NED,6,$CHAR6.,675,680,Character,R_ED_4TH_HD_MAJOR_2ND_MAJ_ED_CAT_NEW2
N2D4NEDX,6,$CHAR6.,681,686,Character,R_ED_4TH_HD_MAJOR_2ND_MAJ_ED_CAT_RPTD_NEW2
N2D5MED,6,$CHAR6.,687,692,Character,S_ED_5TH_HD_MAJOR_ED_CAT_NEW2
N2D5MEDX,6,$CHAR6.,693,698,Character,S_ED_5TH_HD_MAJOR_ED_CAT_RPTD_NEW2
N2D5NED,6,$CHAR6.,699,704,Character,S_ED_5TH_HD_MAJOR_2ND_MAJ_ED_CAT_NEW2
N2D5NEDX,6,$CHAR6.,705,710,Character,S_ED_5TH_HD_MAJOR_2ND_MAJ_ED_CAT_RPTD_NEW2
N2DGRMED,6,$CHAR6.,711,716,Character,O_ED_HD_MAJOR_ED_CAT_NEW2
N2HDMEDX,6,$CHAR6.,717,722,Character,O_ED_HD_MAJOR_ED_CAT_RPTD_NEW2
N2HDNED,6,$CHAR6.,723,728,Character,O_ED_HD_MAJOR_2ND_MAJ_ED_CAT_NEW2
N2HDNEDX,6,$CHAR6.,729,734,Character,O_ED_HD_MAJOR_2ND_MAJ_ED_CAT_RPTD_NEW2
N2MRMED,6,$CHAR6.,735,740,Character,M_ED_MR_MAJOR_ED_CAT_NEW2
N2MRMEDX,6,$CHAR6.,741,746,Character,M_ED_MR_MAJOR_ED_CAT_RPTD_NEW2
N2MRNED,6,$CHAR6.,747,752,Character,M_ED_MR_MAJOR_2ND_MAJ_ED_CAT_NEW2
N2MRNEDX,6,$CHAR6.,753,758,Character,M_ED_MR_MAJOR_2ND_MAJ_ED_CAT_RPTD_NEW2
N2OCBLST,1,$CHAR1.,759,759,Character,C_JOB_LAST_OCC_GRP_BROAD_NEW2
N2OCMLST,1,$CHAR1.,760,760,Character,C_JOB_LAST_OCC_GRP_MAJOR_NEW2
N2OCPRBG,1,$CHAR1.,761,761,Character,B_JOB_OCC_GRP_BROAD_NEW2
N2OCPRMG,1,$CHAR1.,762,762,Character,B_JOB_OCC_GRP_MAJOR_NEW2
N3OCLST,6,$CHAR6.,763,768,Character,C_JOB_LAST_JOB_CAT_NEW3
N3OCLSTX,6,$CHAR6.,769,774,Character,C_JOB_LAST_JOB_CAT_RPTD_NEW3
N3OCNLST,2,$CHAR2.,775,776,Character,C_JOB_LAST_OCC_GRP_MINOR_NEW3
N3OCPR,6,$CHAR6.,777,782,Character,B_JOB_CAT_NEW3
N3OCPRNG,2,$CHAR2.,783,784,Character,B_JOB_OCC_GRP_MINOR_NEW3
N3OCPRX,6,$CHAR6.,785,790,Character,B_JOB_CAT_RPTD_NEW3
NACEDMG,1,$CHAR1.,791,791,Character,N_ED_REF_WK_ENROLL_ED_CAT_MAJOR_NEW
NACEDNG,2,$CHAR2.,792,793,Character,N_ED_REF_WK_ENROLL_ED_CAT_MINOR_NEW
NATIVE,1,$CHAR1.,794,794,Character,U_DEM_RACE_NATIVE
NBAMEBG,1,$CHAR1.,795,795,Character,J_ED_BA_MAJOR_ED_GROUP_BROAD_NEW
NBAMEMG,1,$CHAR1.,796,796,Character,J_ED_BA_MAJOR_ED_GROUP_MAJOR_NEW
NBAMENG,2,$CHAR2.,797,798,Character,J_ED_BA_MAJOR_ED_GROUP_MINOR_NEW
NBANENG,2,$CHAR2.,799,800,Character,J_ED_BA_MAJOR_2ND_MAJ_ED_GRP_MINOR_NEW
NBASEMG,1,$CHAR1.,801,801,Character,J_ED_BA_MAJOR_2ND_MAJ_ED_GRP_MAJOR_NEW
ND2MEMG,1,$CHAR1.,802,802,Character,P_ED_2ND_HD_MAJOR_ED_GRP_MAJOR_NEW
ND2MENG,2,$CHAR2.,803,804,Character,P_ED_2ND_HD_MAJOR_ED_GRP_MINOR_NEW
ND2NENG,2,$CHAR2.,805,806,Character,P_ED_2ND_HD_MAJOR_2ND_MAJ_ED_GRP_MINOR_NEW
ND2SEMG,1,$CHAR1.,807,807,Character,P_ED_2ND_HD_MAJOR_2ND_MAJ_ED_GRP_MAJOR_NEW
ND3MEMG,1,$CHAR1.,808,808,Character,Q_ED_3RD_HD_MAJOR_ED_GRP_MAJOR_NEW
ND3MENG,2,$CHAR2.,809,810,Character,Q_ED_3RD_HD_MAJOR_ED_GRP_MINOR_NEW
ND3NENG,2,$CHAR2.,811,812,Character,Q_ED_3RD_HD_MAJOR_2ND_MAJ_ED_GRP_MINOR_NEW
ND3SEMG,1,$CHAR1.,813,813,Character,Q_ED_3RD_HD_MAJOR_2ND_MAJ_ED_GRP_MAJOR_NEW
ND4MEMG,1,$CHAR1.,814,814,Character,R_ED_4TH_HD_MAJOR_ED_GRP_MAJOR_NEW
ND4MENG,2,$CHAR2.,815,816,Character,R_ED_4TH_HD_MAJOR_ED_GRP_MINOR_NEW
ND4NENG,2,$CHAR2.,817,818,Character,R_ED_4TH_HD_MAJOR_2ND_MAJ_ED_GRP_MINOR_NEW
ND4SEMG,1,$CHAR1.,819,819,Character,R_ED_4TH_HD_MAJOR_2ND_MAJ_ED_GRP_MAJOR_NEW
ND5MEMG,1,$CHAR1.,820,820,Character,S_ED_5TH_HD_MAJOR_ED_GRP_MAJOR_NEW
ND5MENG,2,$CHAR2.,821,822,Character,S_ED_5TH_HD_MAJOR_ED_GRP_MINOR_NEW
ND5NENG,2,$CHAR2.,823,824,Character,S_ED_5TH_HD_MAJOR_2ND_MAJ_ED_GRP_MINOR_NEW
ND5SEMG,1,$CHAR1.,825,825,Character,S_ED_5TH_HD_MAJOR_2ND_MAJ_ED_GRP_MAJOR_NEW
NDGMEBG,1,$CHAR1.,826,826,Character,O_ED_HD_MAJOR_ED_GRP_BROAD_NEW
NDGMEMG,1,$CHAR1.,827,827,Character,O_ED_HD_MAJOR_ED_GRP_MAJOR_NEW
NDGMENG,2,$CHAR2.,828,829,Character,O_ED_HD_MAJOR_ED_GRP_MINOR_NEW
NEDTP,2,$CHAR2.,830,831,Character,E_JOB_EMPLR_NON_EDUC_INST_TYPE
NEWBUS,1,$CHAR1.,832,832,Character,E_JOB_EMPLR_NEW_BUSINESS
NHDNENG,2,$CHAR2.,833,834,Character,O_ED_HD_MAJOR_2ND_MAJ_ED_GRP_MINOR_NEW
NHDSEMG,1,$CHAR1.,835,835,Character,O_ED_HD_MAJOR_2ND_MAJ_ED_GRP_MAJOR_NEW
NMRMEBG,1,$CHAR1.,836,836,Character,M_ED_MR_MAJOR_ED_GRP_BROAD_NEW
NMRMEMG,1,$CHAR1.,837,837,Character,M_ED_MR_MAJOR_ED_GRP_MAJOR_NEW
NMRMENG,2,$CHAR2.,838,839,Character,M_ED_MR_MAJOR_ED_GRP_MINOR_NEW
NMRNENG,2,$CHAR2.,840,841,Character,M_ED_MR_MAJOR_2ND_MAJ_ED_GRP_MINOR_NEW
NMRSEMG,1,$CHAR1.,842,842,Character,M_ED_MR_MAJOR_2ND_MAJ_ED_GRP_MAJOR_NEW
NRCHG,1,$CHAR1.,843,843,Character,B_JOB_OUTSIDE_FLD_REAS_CAREER_CHG
NRCON,1,$CHAR1.,844,844,Character,B_JOB_OUTSIDE_FLD_REAS_WRKNG_CONDS
NRFAM,1,$CHAR1.,845,845,Character,B_JOB_OUTSIDE_FLD_REAS_FAMILY
NRLOC,1,$CHAR1.,846,846,Character,B_JOB_OUTSIDE_FLD_REAS_LOC
NROCNA,1,$CHAR1.,847,847,Character,B_JOB_OUTSIDE_FLD_REAS_JOB_NOT_AVAIL
NROT,1,$CHAR1.,848,848,Character,B_JOB_OUTSIDE_FLD_REAS_OTHR
NRPAY,1,$CHAR1.,849,849,Character,B_JOB_OUTSIDE_FLD_REAS_PAY_OR_PROMOT
NRREA,1,$CHAR1.,850,850,Character,B_JOB_OUTSIDE_FLD_REASON_PRIMRY
NRSEC,1,$CHAR1.,851,851,Character,B_JOB_OUTSIDE_FLD_REASON_SECOND
NWFAM,1,$CHAR1.,852,852,Character,A_JOB_NOT_WRKNG_REAS_FAMILY
NWFAMCOV,1,$CHAR1.,853,853,Character,A_JOB_NOT_WRKNG_REAS_FAMILY_COVID
NWILL,1,$CHAR1.,854,854,Character,A_JOB_NOT_WRKNG_REAS_ILL_DISABLE
NWLAY,1,$CHAR1.,855,855,Character,A_JOB_NOT_WRKNG_REAS_LAYOFF
NWLAYCOV,1,$CHAR1.,856,856,Character,A_JOB_NOT_WRKNG_REAS_LAYOFF_COVID
NWNOND,1,$CHAR1.,857,857,Character,A_JOB_NOT_WRKNG_REAS_NO_NEED
NWOCNA,1,$CHAR1.,858,858,Character,A_JOB_NOT_WRKNG_REAS_JOB_NOT_AVAIL
NWOT,1,$CHAR1.,859,859,Character,A_JOB_NOT_WRKNG_REAS_OTHR
NWRET,1,$CHAR1.,860,860,Character,A_JOB_NOT_WRKNG_REAS_RETIRED
NWRTYR,5,5,861,865,Numeric,A_JOB_NOT_WRKNG_REAS_RETIRED_YR
NWSTU,1,$CHAR1.,866,866,Character,A_JOB_NOT_WRKNG_REAS_STUDENT
OBSNUM,8,$CHAR8.,867,874,Character,Z_OBSERVATION_NUMBER
OCEDRLP,1,$CHAR1.,875,875,Character,B_JOB_RELTD_TO_DEGREE
PACIFIC,1,$CHAR1.,876,876,Character,U_DEM_RACE_PACIFIC
PERMVYR,5,5,877,881,Numeric,V_DEM_VISA_OBTAINED_YEAR
PJFAM,1,$CHAR1.,882,882,Character,F_JOB_PART_TIME_REAS_FAMILY
PJFAMCOV,1,$CHAR1.,883,883,Character,F_JOB_PART_TIME_REAS_FAMILY_COVID
PJHAJ,1,$CHAR1.,884,884,Character,F_JOB_PART_TIME_REAS_HOLD_ANOTHER_JOB
PJHRS,1,$CHAR1.,885,885,Character,F_JOB_PART_TIME_REAS_HRS_REDUCED
PJHRSCOV,1,$CHAR1.,886,886,Character,F_JOB_PART_TIME_REAS_HRS_REDUCED_COVID
PJNOND,1,$CHAR1.,887,887,Character,F_JOB_PART_TIME_REAS_NO_NEED
PJOCNA,1,$CHAR1.,888,888,Character,F_JOB_PART_TIME_REAS_FT_JOB_NA
PJOCNACOV,1,$CHAR1.,889,889,Character,F_JOB_PART_TIME_REAS_FT_JOB_NA_COVID
PJOT,1,$CHAR1.,890,890,Character,F_JOB_PART_TIME_REAS_OTHR
PJRET,1,$CHAR1.,891,891,Character,F_JOB_PART_TIME_REAS_RETIRED
PJRETYR,5,5,892,896,Numeric,F_JOB_PART_TIME_REAS_RETIRED_YR
PJSTU,1,$CHAR1.,897,897,Character,F_JOB_PART_TIME_REAS_STUDENT
PJWTFT,1,$CHAR1.,898,898,Character,F_JOB_PART_TIME_WANT_FULL_TIME
PRMBR,3,3,899,901,Numeric,D_JOB_PROF_ASSOC_MEMBRSHPS_NBR
PROMTGI,1,$CHAR1.,902,902,Character,D_JOB_PROF_ASSOC_ATTEND_MTNGS_IND
PUBPRI,1,$CHAR1.,903,903,Character,E_JOB_EMPLR_EDUC_INST_PUB_OR_PRIV
RACEM,1,$CHAR1.,904,904,Character,U_DEM_MULTIPLE_RACE_CAT
RACETHM,1,$CHAR1.,905,905,Character,U_DEM_MULTIPLE_RACE_ETHNICITY_CAT
REFYR,5,5,906,910,Numeric,Z_SURVEY_YEAR
RESIDE,3,$CHAR3.,911,913,Character,V_DEM_CITIZENSHIP_LIVE_IN_US_OR_TERR
RESPLCUS,2,$CHAR2.,914,915,Character,U_RESPONDENT_LOCATION_US_NONUS
RESPLO3,3,$CHAR3.,916,918,Character,U_RESPONDENT_LOCATION_STATE_COUNTRY
RESPLOC,2,$CHAR2.,919,920,Character,U_RESPONDENT_LOCATION
SALARY,8,8,921,928,Numeric,H_JOB_SALARY_ANN
SALCOV1,1,$CHAR1.,929,929,Character,H_JOB_SALARY_AFFECTED_COVID
SALCOV2,1,$CHAR1.,930,930,Character,H_JOB_SALARY_AFFECTED_HOW_COVID
SALEFF,1,$CHAR1.,931,931,Character,H_JOB_SALARY_REFLECT_COVID
SATADV,1,$CHAR1.,932,932,Character,F_JOB_SATISFACTION_ADVANCEMENT
SATBEN,1,$CHAR1.,933,933,Character,F_JOB_SATISFACTION_BENEFITS
SATCHAL,1,$CHAR1.,934,934,Character,F_JOB_SATISFACTION_CHALLENGE
SATIND,1,$CHAR1.,935,935,Character,F_JOB_SATISFACTION_INDEPENDENCE
SATLOC,1,$CHAR1.,936,936,Character,F_JOB_SATISFACTION_LOCATION
SATRESP,1,$CHAR1.,937,937,Character,F_JOB_SATISFACTION_RESPONSIBILITY
SATSAL,1,$CHAR1.,938,938,Character,F_JOB_SATISFACTION_SALARY
SATSEC,1,$CHAR1.,939,939,Character,F_JOB_SATISFACTION_SECURITY
SATSOC,1,$CHAR1.,940,940,Character,F_JOB_SATISFACTION_SOCIETY
SPNAT,1,$CHAR1.,941,941,Character,W_DEM_SPOUSE_WORK_EXPERT_PHYS_SCI
SPOT,1,$CHAR1.,942,942,Character,W_DEM_SPOUSE_WORK_EXPERT_OTHER
SPOWK,1,$CHAR1.,943,943,Character,W_DEM_SPOUSE_WORKING_IND
SPSOC,1,$CHAR1.,944,944,Character,W_DEM_SPOUSE_WORK_EXPERT_SOCIAL_SCI
SRVMODE,1,$CHAR1.,945,945,Character,Z_SURVEY_MODE
STRTMN,3,3,946,948,Numeric,B_EMPLOYED_MONTH
STRTYR,5,5,949,953,Numeric,B_EMPLOYED_YEAR
SUPDIR,5,5,954,958,Numeric,F_JOB_SUPERVISE_NUM_DIR
SUPIND,6,6,959,964,Numeric,F_JOB_SUPERVISE_NUM_INDIR
SUPWK,1,$CHAR1.,965,965,Character,F_JOB_SUPERVISE_WRK_IND
SURID,2,2,966,967,Numeric,Z_SURVEY_IDENTIFIER
SURV_SE,1,$CHAR1.,968,968,Character,Z_SCIENCE_ENGINEERING_SURVEY_STATUS
TCDGCMP,1,$CHAR1.,969,969,Character,N_ED_WORK_DEGREE_COMPLETED
TELEW,1,$CHAR1.,970,970,Character,E_JOB_TELEWORK_COVID
UGFAST,1,$CHAR1.,971,971,Character,N_ED_UG_FINAN_SUPP_WRK_STUDY
UGFEM,1,$CHAR1.,972,972,Character,N_ED_UG_FINAN_SUPP_EMPR
UGFERN,1,$CHAR1.,973,973,Character,N_ED_UG_FINAN_SUPP_EARNINGS
UGFGFT,1,$CHAR1.,974,974,Character,N_ED_UG_FINAN_SUPP_GIFTS
UGFGRN,1,$CHAR1.,975,975,Character,N_ED_UG_FINAN_SUPP_GRANTS
UGFLN,1,$CHAR1.,976,976,Character,N_ED_UG_FINAN_SUPP_LOANS
UGFNODG,1,$CHAR1.,977,977,Character,N_ED_UG_FINAN_SUPP_NO_DEGREE
UGFOT,1,$CHAR1.,978,978,Character,N_ED_UG_FINAN_SUPP_OTHR
UGFPLN,1,$CHAR1.,979,979,Character,N_ED_UG_FINAN_SUPP_LOANS_PARENT
UGFSAV,1,$CHAR1.,980,980,Character,N_ED_UG_FINAN_SUPP_LOANS_SAVINGS
UGFVET,1,$CHAR1.,981,981,Character,N_ED_UG_FINAN_SUPP_LOANS_VET
UGLOANR,2,$CHAR2.,982,983,Character,N_ED_UG_FINAN_SUPP_BORROWED_RANGE_AMT
UGOWER,2,$CHAR2.,984,985,Character,N_ED_UG_FINAN_SUPP_BORROWED_RANGE_BAL
VETDATE1,1,$CHAR1.,986,986,Character,U_DEM_VET_DATE1
VETDATE2,1,$CHAR1.,987,987,Character,U_DEM_VET_DATE2
VETDATE3,1,$CHAR1.,988,988,Character,U_DEM_VET_DATE3
VETDATE4,1,$CHAR1.,989,989,Character,U_DEM_VET_DATE4
VETDATE5,1,$CHAR1.,990,990,Character,U_DEM_VET_DATE5
VETSTAT,1,$CHAR1.,991,991,Character,U_DEM_VET_STATUS
VSATP,1,$CHAR1.,992,992,Character,V_DEM_TEMP_RESIDENT_VISA_TYPE
WAACC,1,$CHAR1.,993,993,Character,F_JOB_WRK_ACTVTY_ACCTNG
WAAPRSH,1,$CHAR1.,994,994,Character,F_JOB_WRK_ACTVTY_APPLIED_RSCH
WABRSH,1,$CHAR1.,995,995,Character,F_JOB_WRK_ACTVTY_BASIC_RSCH
WACOM,1,$CHAR1.,996,996,Character,F_JOB_WRK_ACTVTY_COMPUTER
WADEV,1,$CHAR1.,997,997,Character,F_JOB_WRK_ACTVTY_DEVELOPMT
WADSN,1,$CHAR1.,998,998,Character,F_JOB_WRK_ACTVTY_DESIGN
WAEMRL,1,$CHAR1.,999,999,Character,F_JOB_WRK_ACTVTY_PERSONNEL
WAMGMT,1,$CHAR1.,1000,1000,Character,F_JOB_WRK_ACTVTY_MGT
WAOT,1,$CHAR1.,1001,1001,Character,F_JOB_WRK_ACTVTY_OTHR
WAPRI,2,$CHAR2.,1002,1003,Character,F_JOB_WRK_ACTIVITY_PRIMRY
WAPROD,1,$CHAR1.,1004,1004,Character,F_JOB_WRK_ACTVTY_PRODUCTN
WAPRRD,1,$CHAR1.,1005,1005,Character,F_JOB_WRK_ACTIVITY_PRIM_RSRCH_DEV_NEWRD
WAPRSM,1,$CHAR1.,1006,1006,Character,F_JOB_WRK_ACTIVITY_PRIMRY_SUMRY
WAPRSM2,1,$CHAR1.,1007,1007,Character,F_JOB_WRK_ACTIVITY_PRIMRY_SUMRY_NEWRD
WAPRSM3,1,$CHAR1.,1008,1008,Character,F_JOB_WRK_ACTIVITY_PRIMRY_SUMRY_NEWRD_2
WAQM,1,$CHAR1.,1009,1009,Character,F_JOB_WRK_ACTVTY_QUAL_MGT
WASALE,1,$CHAR1.,1010,1010,Character,F_JOB_WRK_ACTVTY_SALES
WASCSM,1,$CHAR1.,1011,1011,Character,F_JOB_WRK_ACTIVITY_SECONDARY_SUMRY
WASCSM2,1,$CHAR1.,1012,1012,Character,F_JOB_WRK_ACTIVITY_SECONDARY_SUMRY_NEWRD
WASCSM3,1,$CHAR1.,1013,1013,Character,F_JOB_WRK_ACTIVITY_SECONDARY_SUMRY_NEWRD_2
WASEC,2,$CHAR2.,1014,1015,Character,F_JOB_WRK_ACTIVITY_SECONDARY
WASVC,1,$CHAR1.,1016,1016,Character,F_JOB_WRK_ACTVTY_PROF_SERV
WATEA,1,$CHAR1.,1017,1017,Character,F_JOB_WRK_ACTVTY_TEACH
WHITE,1,$CHAR1.,1018,1018,Character,U_DEM_RACE_WHITE
WKSLYR,3,3,1019,1021,Numeric,B_PRINCIPAL_JOB_LESS_THAN_52WKS
WKSWK,3,3,1022,1024,Numeric,B_PRINCIPAL_JOB_WEEKS
WKSYR,1,$CHAR1.,1025,1025,Character,B_PRINCIPAL_JOB_52_WEEKS
WKTRNI,1,$CHAR1.,1026,1026,Character,G_JOB_TRAINING_WRK_RELTD_IND
WRKG,1,$CHAR1.,1027,1027,Character,A_JOB_STATUS_EMPLOYED_IND
WRKGP,1,$CHAR1.,1028,1028,Character,D_JOB_EMPLOYED_IND
WTRCHOC,1,$CHAR1.,1029,1029,Character,G_JOB_TRAINING_REAS_CHG_OCCUPAT_DIF
WTREASN,1,$CHAR1.,1030,1030,Character,G_JOB_TRAINING_PRIMARY_REASON
WTREM,1,$CHAR1.,1031,1031,Character,G_JOB_TRAINING_REAS_EMPLR_REQ
WTRLIC,1,$CHAR1.,1032,1032,Character,G_JOB_TRAINING_REAS_LICENSING
WTROPPS,1,$CHAR1.,1033,1033,Character,G_JOB_TRAINING_REAS_OPPS_ADV_SALARY
WTROT,1,$CHAR1.,1034,1034,Character,G_JOB_TRAINING_REAS_OTHR
WTRPERS,1,$CHAR1.,1035,1035,Character,G_JOB_TRAINING_REAS_PERS
WTRSKL,1,$CHAR1.,1036,1036,Character,G_JOB_TRAINING_REAS_ACQ_SKILL
WTSURVY,11,11.4,1037,1047,Numeric,Z_WEIGHTING_FACTOR_SURVEY